Commit run at Sun Jun 22 18:59:56 UTC 2025
Commit run at Mon Jun 23 04:53:57 UTC 2025
Commit run at Tue Jun 24 04:50:40 UTC 2025
Commit run at Wed Jun 25 04:50:45 UTC 2025
Commit run at Thu Jun 26 04:50:07 UTC 2025
Commit run at Fri Jun 27 04:50:28 UTC 2025
Commit run at Sat Jun 28 04:48:38 UTC 2025
Commit run at Sun Jun 29 04:56:57 UTC 2025
Commit run at Mon Jun 30 04:53:26 UTC 2025
Commit run at Tue Jul  1 04:55:43 UTC 2025
Commit run at Wed Jul  2 04:50:58 UTC 2025
Commit run at Thu Jul  3 04:54:32 UTC 2025
Commit run at Fri Jul  4 04:51:28 UTC 2025
Commit run at Sat Jul  5 04:48:34 UTC 2025
Commit run at Sun Jul  6 04:52:23 UTC 2025
Commit run at Mon Jul  7 04:54:27 UTC 2025
Commit run at Tue Jul  8 04:50:41 UTC 2025
Commit run at Wed Jul  9 04:55:55 UTC 2025
Commit run at Thu Jul 10 04:54:41 UTC 2025
Commit run at Fri Jul 11 04:55:45 UTC 2025
Commit run at Sat Jul 12 04:51:14 UTC 2025
Commit run at Sun Jul 13 04:54:37 UTC 2025
Commit run at Mon Jul 14 04:58:18 UTC 2025
Commit run at Tue Jul 15 04:57:19 UTC 2025
Commit run at Wed Jul 16 04:57:46 UTC 2025
Commit run at Thu Jul 17 04:57:14 UTC 2025
Commit run at Fri Jul 18 04:58:51 UTC 2025
Commit run at Sat Jul 19 04:52:33 UTC 2025
Commit run at Sun Jul 20 04:59:26 UTC 2025
Commit run at Mon Jul 21 05:00:32 UTC 2025
Commit run at Tue Jul 22 04:58:04 UTC 2025
Commit run at Wed Jul 23 04:59:12 UTC 2025
Commit run at Thu Jul 24 04:58:14 UTC 2025
Commit run at Fri Jul 25 04:59:27 UTC 2025
Commit run at Sat Jul 26 04:56:35 UTC 2025
Commit run at Sun Jul 27 05:00:00 UTC 2025
Commit run at Mon Jul 28 05:02:13 UTC 2025
Commit run at Tue Jul 29 05:03:03 UTC 2025
Commit run at Wed Jul 30 05:01:36 UTC 2025
Commit run at Thu Jul 31 04:59:46 UTC 2025
Commit run at Fri Aug  1 05:06:02 UTC 2025
Commit run at Sat Aug  2 04:56:23 UTC 2025
Commit run at Sun Aug  3 05:02:08 UTC 2025
Commit run at Mon Aug  4 05:10:44 UTC 2025
Commit run at Tue Aug  5 05:03:03 UTC 2025
Commit run at Wed Aug  6 05:02:25 UTC 2025
Commit run at Thu Aug  7 05:01:47 UTC 2025
Commit run at Fri Aug  8 05:02:08 UTC 2025
Commit run at Sat Aug  9 04:50:02 UTC 2025
Commit run at Sun Aug 10 04:57:10 UTC 2025
Commit run at Mon Aug 11 05:00:48 UTC 2025
Commit run at Tue Aug 12 04:48:44 UTC 2025
Commit run at Wed Aug 13 04:50:56 UTC 2025
Commit run at Thu Aug 14 04:51:03 UTC 2025
Commit run at Fri Aug 15 04:50:56 UTC 2025
Commit run at Sat Aug 16 04:46:25 UTC 2025
Commit run at Sun Aug 17 04:51:41 UTC 2025
Commit run at Mon Aug 18 04:56:18 UTC 2025
Commit run at Tue Aug 19 04:43:58 UTC 2025
Commit run at Wed Aug 20 04:44:44 UTC 2025
Commit run at Thu Aug 21 04:44:00 UTC 2025
Commit run at Fri Aug 22 04:43:25 UTC 2025
Commit run at Sat Aug 23 04:43:10 UTC 2025
Commit run at Sun Aug 24 04:45:43 UTC 2025
Commit run at Mon Aug 25 04:47:50 UTC 2025
Commit run at Tue Aug 26 04:43:58 UTC 2025
Commit run at Wed Aug 27 04:42:32 UTC 2025
Commit run at Thu Aug 28 04:43:01 UTC 2025
Commit run at Fri Aug 29 04:42:58 UTC 2025
Commit run at Sat Aug 30 04:40:48 UTC 2025
Commit run at Sun Aug 31 04:41:25 UTC 2025
Commit run at Mon Sep  1 04:47:28 UTC 2025
Commit run at Tue Sep  2 04:43:45 UTC 2025
Commit run at Wed Sep  3 04:41:52 UTC 2025
Commit run at Thu Sep  4 04:41:40 UTC 2025
Commit run at Fri Sep  5 04:41:41 UTC 2025
Commit run at Sat Sep  6 04:40:07 UTC 2025
Commit run at Sun Sep  7 04:40:42 UTC 2025
Commit run at Mon Sep  8 04:42:44 UTC 2025
Commit run at Tue Sep  9 04:42:08 UTC 2025
Commit run at Wed Sep 10 04:39:52 UTC 2025
Commit run at Thu Sep 11 04:41:35 UTC 2025
Commit run at Fri Sep 12 04:40:14 UTC 2025
Commit run at Sat Sep 13 04:39:02 UTC 2025
Commit run at Sun Sep 14 04:40:15 UTC 2025
Commit run at Mon Sep 15 04:42:33 UTC 2025
Commit run at Tue Sep 16 04:41:22 UTC 2025
Commit run at Wed Sep 17 04:41:44 UTC 2025
Commit run at Thu Sep 18 04:41:40 UTC 2025
Commit run at Fri Sep 19 04:41:34 UTC 2025
Commit run at Sat Sep 20 04:40:30 UTC 2025
Commit run at Sun Sep 21 04:41:13 UTC 2025
Commit run at Mon Sep 22 04:42:08 UTC 2025
Commit run at Tue Sep 23 04:41:28 UTC 2025
Commit run at Wed Sep 24 04:41:55 UTC 2025
Commit run at Thu Sep 25 04:44:47 UTC 2025
Commit run at Fri Sep 26 04:41:29 UTC 2025
Commit run at Sat Sep 27 04:41:02 UTC 2025
Commit run at Sun Sep 28 04:41:14 UTC 2025
Commit run at Mon Sep 29 04:43:11 UTC 2025
Commit run at Tue Sep 30 04:42:28 UTC 2025
Commit run at Wed Oct  1 04:42:31 UTC 2025
Commit run at Thu Oct  2 04:41:02 UTC 2025
Commit run at Fri Oct  3 04:40:30 UTC 2025
Commit run at Sat Oct  4 04:40:04 UTC 2025
Commit run at Sun Oct  5 04:39:36 UTC 2025
Commit run at Mon Oct  6 04:41:05 UTC 2025
Commit run at Tue Oct  7 04:41:30 UTC 2025
Commit run at Wed Oct  8 04:41:58 UTC 2025
Commit run at Thu Oct  9 04:42:17 UTC 2025
Commit run at Fri Oct 10 04:41:52 UTC 2025
Commit run at Sat Oct 11 04:39:41 UTC 2025
Commit run at Sun Oct 12 04:40:40 UTC 2025
Commit run at Mon Oct 13 04:43:28 UTC 2025
Commit run at Tue Oct 14 04:41:58 UTC 2025
Commit run at Wed Oct 15 04:42:23 UTC 2025
Commit run at Thu Oct 16 04:42:03 UTC 2025
Commit run at Fri Oct 17 04:42:21 UTC 2025
Commit run at Sat Oct 18 04:40:17 UTC 2025
Commit run at Sun Oct 19 04:43:05 UTC 2025
Commit run at Mon Oct 20 04:44:07 UTC 2025
Commit run at Tue Oct 21 04:43:07 UTC 2025
Commit run at Wed Oct 22 04:43:39 UTC 2025
Commit run at Thu Oct 23 04:42:38 UTC 2025
Commit run at Fri Oct 24 04:42:00 UTC 2025
Commit run at Sat Oct 25 04:41:22 UTC 2025
Commit run at Sun Oct 26 04:41:46 UTC 2025
Commit run at Mon Oct 27 04:48:56 UTC 2025
Commit run at Tue Oct 28 04:43:36 UTC 2025
Commit run at Wed Oct 29 04:46:55 UTC 2025
Commit run at Thu Oct 30 04:42:41 UTC 2025
Commit run at Fri Oct 31 04:44:39 UTC 2025
Commit run at Sat Nov  1 04:40:54 UTC 2025
Commit run at Sun Nov  2 04:42:50 UTC 2025
Commit run at Mon Nov  3 04:47:42 UTC 2025
Commit run at Tue Nov  4 04:43:20 UTC 2025
Commit run at Wed Nov  5 04:43:42 UTC 2025
Commit run at Thu Nov  6 04:46:56 UTC 2025
Commit run at Fri Nov  7 04:43:01 UTC 2025
Commit run at Sat Nov  8 04:41:48 UTC 2025
Commit run at Sun Nov  9 04:42:22 UTC 2025
Commit run at Mon Nov 10 04:46:34 UTC 2025
Commit run at Tue Nov 11 04:44:40 UTC 2025
Commit run at Wed Nov 12 04:44:59 UTC 2025
Commit run at Thu Nov 13 04:45:46 UTC 2025
Commit run at Fri Nov 14 04:43:55 UTC 2025
Commit run at Sat Nov 15 04:42:38 UTC 2025
Commit run at Sun Nov 16 04:45:09 UTC 2025
Commit run at Mon Nov 17 04:46:28 UTC 2025
Commit run at Tue Nov 18 04:44:24 UTC 2025
Commit run at Wed Nov 19 04:44:37 UTC 2025
Commit run at Thu Nov 20 04:43:25 UTC 2025
Commit run at Fri Nov 21 04:44:10 UTC 2025
Commit run at Sat Nov 22 04:42:08 UTC 2025
Commit run at Sun Nov 23 04:50:50 UTC 2025
Commit run at Mon Nov 24 04:52:35 UTC 2025
Commit run at Tue Nov 25 04:46:07 UTC 2025
Commit run at Wed Nov 26 04:46:22 UTC 2025
Commit run at Thu Nov 27 04:45:36 UTC 2025
Commit run at Fri Nov 28 04:44:50 UTC 2025
Commit run at Sat Nov 29 04:44:20 UTC 2025
Commit run at Sun Nov 30 04:52:07 UTC 2025
Commit run at Mon Dec  1 05:02:00 UTC 2025
Commit run at Tue Dec  2 04:50:09 UTC 2025
Commit run at Wed Dec  3 04:48:13 UTC 2025
Commit run at Thu Dec  4 04:50:14 UTC 2025
Commit run at Fri Dec  5 04:48:49 UTC 2025
Commit run at Sat Dec  6 04:42:55 UTC 2025
Commit run at Sun Dec  7 04:49:50 UTC 2025
Commit run at Mon Dec  8 04:53:05 UTC 2025
Commit run at Tue Dec  9 04:48:52 UTC 2025
Commit run at Wed Dec 10 04:52:55 UTC 2025
Commit run at Thu Dec 11 04:54:20 UTC 2025
Commit run at Fri Dec 12 04:52:35 UTC 2025
